"";"date";"number of shootings"
"1";"2015-01-02";2
"2";"2015-01-03";1
"3";"2015-01-04";3
"4";"2015-01-05";1
"5";"2015-01-06";4
"6";"2015-01-07";4
"7";"2015-01-08";4
"8";"2015-01-09";2
"9";"2015-01-11";3
"10";"2015-01-13";2
"11";"2015-01-14";6
"12";"2015-01-15";5
"13";"2015-01-16";2
"14";"2015-01-17";3
"15";"2015-01-18";2
"16";"2015-01-19";1
"17";"2015-01-20";1
"18";"2015-01-21";4
"19";"2015-01-22";2
"20";"2015-01-23";3
"21";"2015-01-24";3
"22";"2015-01-25";1
"23";"2015-01-26";4
"24";"2015-01-27";4
"25";"2015-01-28";3
"26";"2015-01-29";2
"27";"2015-01-30";1
"28";"2015-01-31";2
"29";"2015-02-02";3
"30";"2015-02-03";4
"31";"2015-02-04";6
"32";"2015-02-05";1
"33";"2015-02-06";1
"34";"2015-02-07";2
"35";"2015-02-08";5
"36";"2015-02-09";2
"37";"2015-02-10";3
"38";"2015-02-11";2
"39";"2015-02-13";5
"40";"2015-02-14";2
"41";"2015-02-15";3
"42";"2015-02-16";3
"43";"2015-02-17";5
"44";"2015-02-18";1
"45";"2015-02-20";4
"46";"2015-02-21";2
"47";"2015-02-22";1
"48";"2015-02-23";6
"49";"2015-02-24";1
"50";"2015-02-25";2
"51";"2015-02-26";5
"52";"2015-02-27";1
"53";"2015-02-28";7
"54";"2015-03-01";3
"55";"2015-03-02";1
"56";"2015-03-03";2
"57";"2015-03-04";2
"58";"2015-03-05";3
"59";"2015-03-06";3
"60";"2015-03-07";1
"61";"2015-03-08";3
"62";"2015-03-09";4
"63";"2015-03-10";4
"64";"2015-03-11";7
"65";"2015-03-12";1
"66";"2015-03-13";4
"67";"2015-03-14";3
"68";"2015-03-15";1
"69";"2015-03-16";2
"70";"2015-03-17";5
"71";"2015-03-18";3
"72";"2015-03-19";6
"73";"2015-03-20";3
"74";"2015-03-21";4
"75";"2015-03-22";3
"76";"2015-03-23";1
"77";"2015-03-24";3
"78";"2015-03-25";4
"79";"2015-03-26";2
"80";"2015-03-27";7
"81";"2015-03-29";2
"82";"2015-03-30";1
"83";"2015-03-31";3
"84";"2015-04-01";2
"85";"2015-04-02";4
"86";"2015-04-03";1
"87";"2015-04-04";4
"88";"2015-04-05";2
"89";"2015-04-06";3
"90";"2015-04-07";1
"91";"2015-04-08";4
"92";"2015-04-09";4
"93";"2015-04-10";2
"94";"2015-04-11";1
"95";"2015-04-12";3
"96";"2015-04-13";1
"97";"2015-04-14";2
"98";"2015-04-15";6
"99";"2015-04-16";1
"100";"2015-04-17";3
"101";"2015-04-18";2
"102";"2015-04-19";2
"103";"2015-04-20";1
"104";"2015-04-21";4
"105";"2015-04-22";5
"106";"2015-04-23";3
"107";"2015-04-24";4
"108";"2015-04-25";3
"109";"2015-04-26";3
"110";"2015-04-27";1
"111";"2015-04-28";3
"112";"2015-04-29";6
"113";"2015-04-30";2
"114";"2015-05-02";1
"115";"2015-05-03";5
"116";"2015-05-04";1
"117";"2015-05-05";3
"118";"2015-05-06";1
"119";"2015-05-07";2
"120";"2015-05-08";4
"121";"2015-05-10";2
"122";"2015-05-11";2
"123";"2015-05-12";3
"124";"2015-05-14";2
"125";"2015-05-15";2
"126";"2015-05-16";1
"127";"2015-05-17";3
"128";"2015-05-19";3
"129";"2015-05-20";5
"130";"2015-05-21";5
"131";"2015-05-22";1
"132";"2015-05-23";3
"133";"2015-05-25";2
"134";"2015-05-26";3
"135";"2015-05-27";5
"136";"2015-05-28";4
"137";"2015-05-29";3
"138";"2015-05-30";2
"139";"2015-05-31";1
"140";"2015-06-01";1
"141";"2015-06-02";2
"142";"2015-06-03";5
"143";"2015-06-05";2
"144";"2015-06-06";5
"145";"2015-06-07";2
"146";"2015-06-08";2
"147";"2015-06-09";4
"148";"2015-06-10";1
"149";"2015-06-11";4
"150";"2015-06-12";1
"151";"2015-06-13";3
"152";"2015-06-14";2
"153";"2015-06-15";1
"154";"2015-06-16";2
"155";"2015-06-17";2
"156";"2015-06-18";1
"157";"2015-06-19";3
"158";"2015-06-20";1
"159";"2015-06-21";2
"160";"2015-06-22";4
"161";"2015-06-23";4
"162";"2015-06-24";1
"163";"2015-06-25";2
"164";"2015-06-26";2
"165";"2015-06-27";1
"166";"2015-06-28";1
"167";"2015-06-29";1
"168";"2015-06-30";1
"169";"2015-07-01";2
"170";"2015-07-02";3
"171";"2015-07-03";4
"172";"2015-07-04";4
"173";"2015-07-05";4
"174";"2015-07-06";5
"175";"2015-07-07";8
"176";"2015-07-08";2
"177";"2015-07-09";6
"178";"2015-07-10";3
"179";"2015-07-11";1
"180";"2015-07-12";5
"181";"2015-07-13";4
"182";"2015-07-14";1
"183";"2015-07-15";1
"184";"2015-07-16";7
"185";"2015-07-17";5
"186";"2015-07-18";3
"187";"2015-07-19";1
"188";"2015-07-20";1
"189";"2015-07-21";3
"190";"2015-07-22";3
"191";"2015-07-23";5
"192";"2015-07-24";2
"193";"2015-07-25";4
"194";"2015-07-26";2
"195";"2015-07-27";3
"196";"2015-07-29";2
"197";"2015-07-30";4
"198";"2015-07-31";2
"199";"2015-08-01";1
"200";"2015-08-02";1
"201";"2015-08-03";4
"202";"2015-08-04";2
"203";"2015-08-05";6
"204";"2015-08-06";2
"205";"2015-08-07";6
"206";"2015-08-08";3
"207";"2015-08-09";3
"208";"2015-08-10";1
"209";"2015-08-11";2
"210";"2015-08-12";6
"211";"2015-08-14";4
"212";"2015-08-15";4
"213";"2015-08-16";2
"214";"2015-08-17";2
"215";"2015-08-19";4
"216";"2015-08-20";3
"217";"2015-08-21";3
"218";"2015-08-22";5
"219";"2015-08-23";5
"220";"2015-08-25";5
"221";"2015-08-26";3
"222";"2015-08-27";4
"223";"2015-08-28";4
"224";"2015-08-29";3
"225";"2015-08-30";2
"226";"2015-08-31";1
"227";"2015-09-01";3
"228";"2015-09-02";1
"229";"2015-09-03";1
"230";"2015-09-04";5
"231";"2015-09-05";4
"232";"2015-09-06";3
"233";"2015-09-07";1
"234";"2015-09-08";1
"235";"2015-09-09";4
"236";"2015-09-10";4
"237";"2015-09-11";2
"238";"2015-09-12";2
"239";"2015-09-13";3
"240";"2015-09-14";2
"241";"2015-09-15";5
"242";"2015-09-16";1
"243";"2015-09-17";2
"244";"2015-09-18";2
"245";"2015-09-19";2
"246";"2015-09-20";2
"247";"2015-09-21";6
"248";"2015-09-22";3
"249";"2015-09-23";5
"250";"2015-09-24";3
"251";"2015-09-25";3
"252";"2015-09-26";2
"253";"2015-09-27";3
"254";"2015-09-28";2
"255";"2015-09-29";2
"256";"2015-09-30";1
"257";"2015-10-02";4
"258";"2015-10-04";2
"259";"2015-10-05";4
"260";"2015-10-07";1
"261";"2015-10-09";1
"262";"2015-10-10";5
"263";"2015-10-11";4
"264";"2015-10-12";2
"265";"2015-10-14";4
"266";"2015-10-15";7
"267";"2015-10-16";3
"268";"2015-10-17";2
"269";"2015-10-18";2
"270";"2015-10-19";1
"271";"2015-10-20";5
"272";"2015-10-21";3
"273";"2015-10-22";3
"274";"2015-10-24";6
"275";"2015-10-25";1
"276";"2015-10-26";3
"277";"2015-10-27";1
"278";"2015-10-28";4
"279";"2015-10-29";2
"280";"2015-10-30";6
"281";"2015-10-31";2
"282";"2015-11-01";3
"283";"2015-11-02";1
"284";"2015-11-03";1
"285";"2015-11-04";4
"286";"2015-11-05";4
"287";"2015-11-06";3
"288";"2015-11-09";5
"289";"2015-11-10";4
"290";"2015-11-11";4
"291";"2015-11-12";1
"292";"2015-11-13";3
"293";"2015-11-14";1
"294";"2015-11-15";4
"295";"2015-11-16";2
"296";"2015-11-17";6
"297";"2015-11-18";2
"298";"2015-11-19";3
"299";"2015-11-20";2
"300";"2015-11-21";1
"301";"2015-11-22";3
"302";"2015-11-23";2
"303";"2015-11-24";3
"304";"2015-11-25";3
"305";"2015-11-26";1
"306";"2015-11-27";1
"307";"2015-11-28";1
"308";"2015-11-29";5
"309";"2015-11-30";3
"310";"2015-12-01";2
"311";"2015-12-02";6
"312";"2015-12-03";1
"313";"2015-12-04";2
"314";"2015-12-05";5
"315";"2015-12-06";3
"316";"2015-12-08";2
"317";"2015-12-09";1
"318";"2015-12-10";3
"319";"2015-12-11";1
"320";"2015-12-12";6
"321";"2015-12-13";4
"322";"2015-12-14";8
"323";"2015-12-15";1
"324";"2015-12-16";1
"325";"2015-12-17";2
"326";"2015-12-18";3
"327";"2015-12-19";2
"328";"2015-12-20";2
"329";"2015-12-21";7
"330";"2015-12-22";3
"331";"2015-12-23";1
"332";"2015-12-24";3
"333";"2015-12-25";1
"334";"2015-12-26";4
"335";"2015-12-27";3
"336";"2015-12-28";1
"337";"2015-12-29";2
"338";"2015-12-30";1
"339";"2015-12-31";1
"340";"2016-01-01";1
"341";"2016-01-02";3
"342";"2016-01-03";1
"343";"2016-01-04";2
"344";"2016-01-05";6
"345";"2016-01-06";3
"346";"2016-01-08";2
"347";"2016-01-10";2
"348";"2016-01-11";4
"349";"2016-01-12";2
"350";"2016-01-13";2
"351";"2016-01-14";2
"352";"2016-01-15";2
"353";"2016-01-16";6
"354";"2016-01-17";5
"355";"2016-01-18";5
"356";"2016-01-19";3
"357";"2016-01-20";3
"358";"2016-01-21";1
"359";"2016-01-23";1
"360";"2016-01-25";1
"361";"2016-01-26";1
"362";"2016-01-27";8
"363";"2016-01-28";3
"364";"2016-01-29";3
"365";"2016-01-30";4
"366";"2016-01-31";4
"367";"2016-02-01";2
"368";"2016-02-02";1
"369";"2016-02-03";3
"370";"2016-02-04";5
"371";"2016-02-05";4
"372";"2016-02-06";1
"373";"2016-02-07";2
"374";"2016-02-08";3
"375";"2016-02-09";2
"376";"2016-02-10";5
"377";"2016-02-11";3
"378";"2016-02-12";3
"379";"2016-02-13";4
"380";"2016-02-14";3
"381";"2016-02-15";2
"382";"2016-02-16";3
"383";"2016-02-17";1
"384";"2016-02-18";4
"385";"2016-02-19";2
"386";"2016-02-20";4
"387";"2016-02-21";5
"388";"2016-02-22";4
"389";"2016-02-23";4
"390";"2016-02-24";5
"391";"2016-02-25";4
"392";"2016-02-26";2
"393";"2016-02-27";1
"394";"2016-02-28";2
"395";"2016-02-29";1
"396";"2016-03-01";3
"397";"2016-03-02";2
"398";"2016-03-03";1
"399";"2016-03-04";1
"400";"2016-03-05";2
"401";"2016-03-06";3
"402";"2016-03-07";5
"403";"2016-03-08";1
"404";"2016-03-10";5
"405";"2016-03-11";4
"406";"2016-03-12";3
"407";"2016-03-13";7
"408";"2016-03-14";1
"409";"2016-03-15";3
"410";"2016-03-16";3
"411";"2016-03-17";4
"412";"2016-03-18";1
"413";"2016-03-19";4
"414";"2016-03-20";4
"415";"2016-03-21";3
"416";"2016-03-22";2
"417";"2016-03-23";3
"418";"2016-03-24";6
"419";"2016-03-26";4
"420";"2016-03-27";5
"421";"2016-03-29";3
"422";"2016-03-30";3
"423";"2016-03-31";4
"424";"2016-04-01";2
"425";"2016-04-02";1
"426";"2016-04-03";4
"427";"2016-04-04";1
"428";"2016-04-05";2
"429";"2016-04-06";3
"430";"2016-04-07";2
"431";"2016-04-08";3
"432";"2016-04-09";2
"433";"2016-04-10";3
"434";"2016-04-11";2
"435";"2016-04-12";3
"436";"2016-04-13";3
"437";"2016-04-14";1
"438";"2016-04-15";3
"439";"2016-04-16";1
"440";"2016-04-17";5
"441";"2016-04-18";2
"442";"2016-04-19";3
"443";"2016-04-20";2
"444";"2016-04-21";1
"445";"2016-04-22";2
"446";"2016-04-23";5
"447";"2016-04-25";1
"448";"2016-04-26";4
"449";"2016-04-27";3
"450";"2016-04-28";4
"451";"2016-04-29";1
"452";"2016-04-30";4
"453";"2016-05-01";2
"454";"2016-05-02";1
"455";"2016-05-03";1
"456";"2016-05-04";3
"457";"2016-05-05";3
"458";"2016-05-06";1
"459";"2016-05-07";3
"460";"2016-05-08";1
"461";"2016-05-09";5
"462";"2016-05-10";1
"463";"2016-05-11";4
"464";"2016-05-13";1
"465";"2016-05-14";4
"466";"2016-05-15";1
"467";"2016-05-16";1
"468";"2016-05-17";1
"469";"2016-05-18";3
"470";"2016-05-19";5
"471";"2016-05-20";1
"472";"2016-05-21";3
"473";"2016-05-22";4
"474";"2016-05-23";1
"475";"2016-05-24";2
"476";"2016-05-25";2
"477";"2016-05-26";5
"478";"2016-05-27";1
"479";"2016-05-28";2
"480";"2016-05-29";4
"481";"2016-05-30";2
"482";"2016-05-31";1
"483";"2016-06-01";2
"484";"2016-06-02";2
"485";"2016-06-03";2
"486";"2016-06-04";3
"487";"2016-06-05";1
"488";"2016-06-06";2
"489";"2016-06-07";4
"490";"2016-06-08";1
"491";"2016-06-09";4
"492";"2016-06-10";4
"493";"2016-06-11";2
"494";"2016-06-12";3
"495";"2016-06-13";4
"496";"2016-06-14";4
"497";"2016-06-15";2
"498";"2016-06-16";4
"499";"2016-06-18";3
"500";"2016-06-19";1
"501";"2016-06-20";2
"502";"2016-06-21";3
"503";"2016-06-22";6
"504";"2016-06-23";2
"505";"2016-06-24";5
"506";"2016-06-25";3
"507";"2016-06-26";4
"508";"2016-06-27";5
"509";"2016-06-28";2
"510";"2016-06-29";4
"511";"2016-06-30";3
"512";"2016-07-01";3
"513";"2016-07-02";2
"514";"2016-07-03";3
"515";"2016-07-04";3
"516";"2016-07-05";4
"517";"2016-07-06";2
"518";"2016-07-07";3
"519";"2016-07-08";1
"520";"2016-07-09";1
"521";"2016-07-10";1
"522";"2016-07-11";5
"523";"2016-07-12";1
"524";"2016-07-13";2
"525";"2016-07-14";1
"526";"2016-07-15";1
"527";"2016-07-16";3
"528";"2016-07-17";4
"529";"2016-07-18";1
"530";"2016-07-20";1
"531";"2016-07-21";2
"532";"2016-07-22";1
"533";"2016-07-23";3
"534";"2016-07-24";2
"535";"2016-07-25";2
"536";"2016-07-26";2
"537";"2016-07-27";6
"538";"2016-07-28";6
"539";"2016-07-29";2
"540";"2016-07-31";3
"541";"2016-08-01";4
"542";"2016-08-02";5
"543";"2016-08-03";3
"544";"2016-08-05";3
"545";"2016-08-07";2
"546";"2016-08-08";5
"547";"2016-08-09";3
"548";"2016-08-11";3
"549";"2016-08-12";2
"550";"2016-08-13";4
"551";"2016-08-15";2
"552";"2016-08-16";7
"553";"2016-08-17";1
"554";"2016-08-18";7
"555";"2016-08-19";5
"556";"2016-08-20";1
"557";"2016-08-21";1
"558";"2016-08-22";1
"559";"2016-08-23";1
"560";"2016-08-24";3
"561";"2016-08-25";2
"562";"2016-08-26";1
"563";"2016-08-27";2
"564";"2016-08-28";1
"565";"2016-08-29";3
"566";"2016-08-30";3
"567";"2016-08-31";2
"568";"2016-09-01";4
"569";"2016-09-02";3
"570";"2016-09-03";3
"571";"2016-09-04";2
"572";"2016-09-05";2
"573";"2016-09-06";4
"574";"2016-09-07";3
"575";"2016-09-08";2
"576";"2016-09-09";3
"577";"2016-09-10";2
"578";"2016-09-11";1
"579";"2016-09-12";2
"580";"2016-09-14";1
"581";"2016-09-15";3
"582";"2016-09-16";3
"583";"2016-09-17";5
"584";"2016-09-18";1
"585";"2016-09-19";3
"586";"2016-09-20";6
"587";"2016-09-21";1
"588";"2016-09-23";3
"589";"2016-09-25";1
"590";"2016-09-26";4
"591";"2016-09-27";2
"592";"2016-09-28";2
"593";"2016-09-29";1
"594";"2016-09-30";6
"595";"2016-10-01";2
"596";"2016-10-02";2
"597";"2016-10-03";2
"598";"2016-10-04";3
"599";"2016-10-05";2
"600";"2016-10-07";5
"601";"2016-10-08";3
"602";"2016-10-09";2
"603";"2016-10-10";3
"604";"2016-10-11";2
"605";"2016-10-12";3
"606";"2016-10-13";2
"607";"2016-10-14";3
"608";"2016-10-16";2
"609";"2016-10-17";3
"610";"2016-10-18";4
"611";"2016-10-19";2
"612";"2016-10-20";1
"613";"2016-10-21";2
"614";"2016-10-22";1
"615";"2016-10-23";3
"616";"2016-10-24";1
"617";"2016-10-25";4
"618";"2016-10-26";2
"619";"2016-10-27";3
"620";"2016-10-28";3
"621";"2016-10-30";3
"622";"2016-10-31";3
"623";"2016-11-01";1
"624";"2016-11-02";2
"625";"2016-11-03";1
"626";"2016-11-04";2
"627";"2016-11-05";4
"628";"2016-11-06";6
"629";"2016-11-07";1
"630";"2016-11-08";4
"631";"2016-11-09";1
"632";"2016-11-10";2
"633";"2016-11-11";3
"634";"2016-11-12";2
"635";"2016-11-13";2
"636";"2016-11-15";2
"637";"2016-11-16";2
"638";"2016-11-18";4
"639";"2016-11-19";3
"640";"2016-11-20";2
"641";"2016-11-21";2
"642";"2016-11-22";4
"643";"2016-11-23";2
"644";"2016-11-25";3
"645";"2016-11-26";1
"646";"2016-11-27";4
"647";"2016-11-28";3
"648";"2016-11-29";4
"649";"2016-11-30";1
"650";"2016-12-01";3
"651";"2016-12-02";3
"652";"2016-12-04";2
"653";"2016-12-06";4
"654";"2016-12-07";4
"655";"2016-12-09";3
"656";"2016-12-10";2
"657";"2016-12-11";5
"658";"2016-12-12";3
"659";"2016-12-13";2
"660";"2016-12-15";1
"661";"2016-12-17";3
"662";"2016-12-18";3
"663";"2016-12-19";1
"664";"2016-12-20";1
"665";"2016-12-21";4
"666";"2016-12-22";1
"667";"2016-12-23";1
"668";"2016-12-24";3
"669";"2016-12-25";3
"670";"2016-12-27";3
"671";"2016-12-28";1
"672";"2016-12-30";1
"673";"2016-12-31";3
"674";"2017-01-01";6
"675";"2017-01-03";2
"676";"2017-01-04";4
"677";"2017-01-05";2
"678";"2017-01-06";2
"679";"2017-01-07";6
"680";"2017-01-08";1
"681";"2017-01-09";2
"682";"2017-01-10";2
"683";"2017-01-11";3
"684";"2017-01-12";3
"685";"2017-01-13";1
"686";"2017-01-14";2
"687";"2017-01-15";4
"688";"2017-01-16";3
"689";"2017-01-17";2
"690";"2017-01-18";6
"691";"2017-01-19";3
"692";"2017-01-20";1
"693";"2017-01-21";2
"694";"2017-01-22";3
"695";"2017-01-23";5
"696";"2017-01-24";8
"697";"2017-01-25";3
"698";"2017-01-26";4
"699";"2017-01-27";1
"700";"2017-01-28";4
"701";"2017-01-29";1
"702";"2017-01-30";4
"703";"2017-01-31";1
"704";"2017-02-01";2
"705";"2017-02-02";3
"706";"2017-02-03";7
"707";"2017-02-04";3
"708";"2017-02-05";3
"709";"2017-02-06";3
"710";"2017-02-07";5
"711";"2017-02-08";3
"712";"2017-02-09";3
"713";"2017-02-10";8
"714";"2017-02-11";4
"715";"2017-02-12";2
"716";"2017-02-13";3
"717";"2017-02-14";3
"718";"2017-02-15";3
"719";"2017-02-16";4
"720";"2017-02-17";4
"721";"2017-02-18";2
"722";"2017-02-19";4
"723";"2017-02-20";2
"724";"2017-02-21";5
"725";"2017-02-22";3
"726";"2017-02-23";4
"727";"2017-02-24";3
"728";"2017-02-25";2
"729";"2017-02-26";4
"730";"2017-02-27";2
"731";"2017-02-28";3
"732";"2017-03-01";1
"733";"2017-03-02";5
"734";"2017-03-03";2
"735";"2017-03-04";4
"736";"2017-03-07";2
"737";"2017-03-08";2
"738";"2017-03-09";2
"739";"2017-03-10";1
"740";"2017-03-11";2
"741";"2017-03-12";2
"742";"2017-03-13";3
"743";"2017-03-14";5
"744";"2017-03-15";2
"745";"2017-03-16";5
"746";"2017-03-17";3
"747";"2017-03-18";3
"748";"2017-03-19";4
"749";"2017-03-22";3
"750";"2017-03-23";3
"751";"2017-03-24";3
"752";"2017-03-25";1
"753";"2017-03-26";4
"754";"2017-03-27";3
"755";"2017-03-28";2
"756";"2017-03-29";6
"757";"2017-03-30";1
"758";"2017-04-01";2
"759";"2017-04-03";1
"760";"2017-04-04";3
"761";"2017-04-05";2
"762";"2017-04-06";5
"763";"2017-04-07";1
"764";"2017-04-08";1
"765";"2017-04-09";1
"766";"2017-04-10";2
"767";"2017-04-12";1
"768";"2017-04-13";3
"769";"2017-04-14";2
"770";"2017-04-15";4
"771";"2017-04-16";1
"772";"2017-04-17";1
"773";"2017-04-18";1
"774";"2017-04-19";1
"775";"2017-04-20";6
"776";"2017-04-21";1
"777";"2017-04-22";3
"778";"2017-04-23";1
"779";"2017-04-24";4
"780";"2017-04-25";4
"781";"2017-04-26";3
"782";"2017-04-27";2
"783";"2017-04-28";2
"784";"2017-04-29";4
"785";"2017-04-30";3
"786";"2017-05-01";1
"787";"2017-05-02";2
"788";"2017-05-03";4
"789";"2017-05-04";1
"790";"2017-05-06";1
"791";"2017-05-07";4
"792";"2017-05-08";2
"793";"2017-05-09";6
"794";"2017-05-10";3
"795";"2017-05-11";1
"796";"2017-05-12";4
"797";"2017-05-13";2
"798";"2017-05-14";2
"799";"2017-05-15";5
"800";"2017-05-16";4
"801";"2017-05-17";1
"802";"2017-05-20";3
"803";"2017-05-21";4
"804";"2017-05-22";1
"805";"2017-05-23";4
"806";"2017-05-24";2
"807";"2017-05-25";1
"808";"2017-05-26";3
"809";"2017-05-27";1
"810";"2017-05-28";1
"811";"2017-05-29";2
"812";"2017-05-30";1
"813";"2017-05-31";2
"814";"2017-06-01";1
"815";"2017-06-02";6
"816";"2017-06-03";1
"817";"2017-06-04";2
"818";"2017-06-05";4
"819";"2017-06-06";1
"820";"2017-06-07";4
"821";"2017-06-08";5
"822";"2017-06-09";3
"823";"2017-06-10";3
"824";"2017-06-11";1
"825";"2017-06-12";4
"826";"2017-06-13";4
"827";"2017-06-14";3
"828";"2017-06-15";1
"829";"2017-06-16";5
"830";"2017-06-17";2
"831";"2017-06-18";2
"832";"2017-06-19";2
"833";"2017-06-20";5
"834";"2017-06-21";2
"835";"2017-06-22";1
"836";"2017-06-23";2
"837";"2017-06-24";4
"838";"2017-06-25";3
"839";"2017-06-26";1
"840";"2017-06-27";1
"841";"2017-06-28";1
"842";"2017-06-29";4
"843";"2017-06-30";2
"844";"2017-07-01";3
"845";"2017-07-02";1
"846";"2017-07-03";4
"847";"2017-07-04";7
"848";"2017-07-05";6
"849";"2017-07-06";2
"850";"2017-07-07";3
"851";"2017-07-08";3
"852";"2017-07-09";4
"853";"2017-07-10";2
"854";"2017-07-11";5
"855";"2017-07-12";3
"856";"2017-07-13";3
"857";"2017-07-15";4
"858";"2017-07-17";4
"859";"2017-07-18";2
"860";"2017-07-19";3
"861";"2017-07-20";2
"862";"2017-07-21";2
"863";"2017-07-23";4
"864";"2017-07-24";1
"865";"2017-07-25";4
"866";"2017-07-26";4
"867";"2017-07-27";6
"868";"2017-07-28";3
"869";"2017-07-29";2
"870";"2017-07-31";4
"871";"2017-08-01";5
"872";"2017-08-02";4
"873";"2017-08-03";2
"874";"2017-08-04";6
"875";"2017-08-05";2
"876";"2017-08-06";2
"877";"2017-08-07";3
"878";"2017-08-08";2
"879";"2017-08-09";1
"880";"2017-08-10";2
"881";"2017-08-11";1
"882";"2017-08-12";1
"883";"2017-08-13";5
"884";"2017-08-14";2
"885";"2017-08-15";1
"886";"2017-08-16";2
"887";"2017-08-17";2
"888";"2017-08-18";2
"889";"2017-08-19";1
"890";"2017-08-20";2
"891";"2017-08-21";5
"892";"2017-08-22";5
"893";"2017-08-23";1
"894";"2017-08-24";3
"895";"2017-08-25";3
"896";"2017-08-26";1
"897";"2017-08-27";3
"898";"2017-08-28";2
"899";"2017-08-29";3
"900";"2017-08-30";2
"901";"2017-08-31";2
"902";"2017-09-01";3
"903";"2017-09-03";4
"904";"2017-09-04";2
"905";"2017-09-05";1
"906";"2017-09-06";3
"907";"2017-09-07";1
"908";"2017-09-08";2
"909";"2017-09-09";1
"910";"2017-09-10";5
"911";"2017-09-11";3
"912";"2017-09-13";1
"913";"2017-09-14";1
"914";"2017-09-15";3
"915";"2017-09-16";1
"916";"2017-09-17";3
"917";"2017-09-18";1
"918";"2017-09-19";4
"919";"2017-09-20";3
"920";"2017-09-21";4
"921";"2017-09-22";6
"922";"2017-09-24";2
"923";"2017-09-25";2
"924";"2017-09-26";3
"925";"2017-09-27";3
"926";"2017-09-28";2
"927";"2017-09-30";2
"928";"2017-10-01";6
"929";"2017-10-02";2
"930";"2017-10-03";1
"931";"2017-10-04";4
"932";"2017-10-05";5
"933";"2017-10-06";5
"934";"2017-10-07";1
"935";"2017-10-08";6
"936";"2017-10-11";3
"937";"2017-10-12";2
"938";"2017-10-13";2
"939";"2017-10-14";1
"940";"2017-10-16";5
"941";"2017-10-17";1
"942";"2017-10-18";1
"943";"2017-10-19";4
"944";"2017-10-20";2
"945";"2017-10-21";2
"946";"2017-10-22";4
"947";"2017-10-23";3
"948";"2017-10-24";3
"949";"2017-10-25";2
"950";"2017-10-26";2
"951";"2017-10-27";1
"952";"2017-10-28";3
"953";"2017-10-29";4
"954";"2017-10-30";1
"955";"2017-10-31";5
"956";"2017-11-01";2
"957";"2017-11-02";2
"958";"2017-11-03";2
"959";"2017-11-04";6
"960";"2017-11-05";3
"961";"2017-11-06";2
"962";"2017-11-07";2
"963";"2017-11-08";4
"964";"2017-11-09";5
"965";"2017-11-10";6
"966";"2017-11-11";3
"967";"2017-11-12";1
"968";"2017-11-13";2
"969";"2017-11-14";1
"970";"2017-11-15";5
"971";"2017-11-16";1
"972";"2017-11-17";5
"973";"2017-11-18";3
"974";"2017-11-19";2
"975";"2017-11-20";1
"976";"2017-11-23";5
"977";"2017-11-24";2
"978";"2017-11-25";1
"979";"2017-11-26";3
"980";"2017-11-27";1
"981";"2017-11-28";3
"982";"2017-11-29";1
"983";"2017-11-30";2
"984";"2017-12-01";2
"985";"2017-12-02";2
"986";"2017-12-03";1
"987";"2017-12-04";1
"988";"2017-12-05";2
"989";"2017-12-06";2
"990";"2017-12-07";4
"991";"2017-12-08";1
"992";"2017-12-09";2
"993";"2017-12-10";2
"994";"2017-12-11";1
"995";"2017-12-14";1
"996";"2017-12-15";1
"997";"2017-12-17";1
"998";"2017-12-18";1
"999";"2017-12-20";1
"1000";"2017-12-21";2
"1001";"2017-12-22";1
"1002";"2017-12-24";2
"1003";"2017-12-26";3
"1004";"2017-12-27";3
"1005";"2017-12-28";1
"1006";"2017-12-30";2
"1007";"2018-01-01";3
"1008";"2018-01-02";3
"1009";"2018-01-03";1
"1010";"2018-01-04";2
"1011";"2018-01-05";3
"1012";"2018-01-06";9
"1013";"2018-01-07";5
"1014";"2018-01-08";4
"1015";"2018-01-09";1
"1016";"2018-01-10";1
"1017";"2018-01-11";3
"1018";"2018-01-12";6
"1019";"2018-01-13";1
"1020";"2018-01-14";1
"1021";"2018-01-15";1
"1022";"2018-01-16";4
"1023";"2018-01-17";6
"1024";"2018-01-18";1
"1025";"2018-01-19";1
"1026";"2018-01-20";5
"1027";"2018-01-21";2
"1028";"2018-01-22";6
"1029";"2018-01-23";4
"1030";"2018-01-24";2
"1031";"2018-01-25";4
"1032";"2018-01-26";4
"1033";"2018-01-27";3
"1034";"2018-01-28";4
"1035";"2018-01-29";3
"1036";"2018-01-30";1
"1037";"2018-01-31";2
"1038";"2018-02-01";8
"1039";"2018-02-02";1
"1040";"2018-02-03";3
"1041";"2018-02-04";1
"1042";"2018-02-05";2
"1043";"2018-02-06";3
"1044";"2018-02-07";1
"1045";"2018-02-08";2
"1046";"2018-02-09";3
"1047";"2018-02-10";4
"1048";"2018-02-11";2
"1049";"2018-02-12";1
"1050";"2018-02-13";3
"1051";"2018-02-14";4
"1052";"2018-02-15";3
"1053";"2018-02-16";2
"1054";"2018-02-17";4
"1055";"2018-02-18";1
"1056";"2018-02-19";2
"1057";"2018-02-21";6
"1058";"2018-02-22";2
"1059";"2018-02-23";2
"1060";"2018-02-24";1
"1061";"2018-02-25";3
"1062";"2018-02-26";5
"1063";"2018-02-27";3
"1064";"2018-02-28";2
"1065";"2018-03-01";2
"1066";"2018-03-02";5
"1067";"2018-03-03";2
"1068";"2018-03-04";1
"1069";"2018-03-05";6
"1070";"2018-03-06";6
"1071";"2018-03-07";3
"1072";"2018-03-08";2
"1073";"2018-03-09";3
"1074";"2018-03-10";2
"1075";"2018-03-11";3
"1076";"2018-03-12";8
"1077";"2018-03-13";1
"1078";"2018-03-14";2
"1079";"2018-03-15";1
"1080";"2018-03-16";4
"1081";"2018-03-17";1
"1082";"2018-03-18";2
"1083";"2018-03-19";4
"1084";"2018-03-20";4
"1085";"2018-03-21";5
"1086";"2018-03-22";2
"1087";"2018-03-23";6
"1088";"2018-03-24";3
"1089";"2018-03-25";1
"1090";"2018-03-26";1
"1091";"2018-03-27";5
"1092";"2018-03-28";6
"1093";"2018-03-29";4
"1094";"2018-03-30";2
"1095";"2018-03-31";2
"1096";"2018-04-01";9
"1097";"2018-04-03";1
"1098";"2018-04-04";5
"1099";"2018-04-05";8
"1100";"2018-04-06";3
"1101";"2018-04-07";2
"1102";"2018-04-08";4
"1103";"2018-04-09";4
"1104";"2018-04-10";3
"1105";"2018-04-11";5
"1106";"2018-04-12";4
"1107";"2018-04-13";2
"1108";"2018-04-14";5
"1109";"2018-04-15";1
"1110";"2018-04-17";4
"1111";"2018-04-18";5
"1112";"2018-04-20";3
"1113";"2018-04-21";2
"1114";"2018-04-22";2
"1115";"2018-04-24";2
"1116";"2018-04-25";4
"1117";"2018-04-26";1
"1118";"2018-04-28";4
"1119";"2018-04-29";4
"1120";"2018-04-30";1
"1121";"2018-05-01";1
"1122";"2018-05-02";5
"1123";"2018-05-03";2
"1124";"2018-05-04";1
"1125";"2018-05-05";2
"1126";"2018-05-06";4
"1127";"2018-05-07";6
"1128";"2018-05-08";3
"1129";"2018-05-09";1
"1130";"2018-05-10";2
"1131";"2018-05-11";4
"1132";"2018-05-12";1
"1133";"2018-05-13";2
"1134";"2018-05-14";6
"1135";"2018-05-15";1
"1136";"2018-05-16";1
"1137";"2018-05-17";1
"1138";"2018-05-18";2
"1139";"2018-05-19";3
"1140";"2018-05-20";1
"1141";"2018-05-21";2
"1142";"2018-05-22";1
"1143";"2018-05-23";3
"1144";"2018-05-24";2
"1145";"2018-05-25";2
"1146";"2018-05-26";1
"1147";"2018-05-27";2
"1148";"2018-05-28";1
"1149";"2018-05-29";3
"1150";"2018-05-30";2
"1151";"2018-05-31";2
"1152";"2018-06-01";3
"1153";"2018-06-02";1
"1154";"2018-06-03";2
"1155";"2018-06-04";1
"1156";"2018-06-05";2
"1157";"2018-06-06";4
"1158";"2018-06-07";4
"1159";"2018-06-08";2
"1160";"2018-06-09";2
"1161";"2018-06-10";1
"1162";"2018-06-11";2
"1163";"2018-06-12";5
"1164";"2018-06-13";2
"1165";"2018-06-14";6
"1166";"2018-06-15";1
"1167";"2018-06-16";2
"1168";"2018-06-17";2
"1169";"2018-06-19";4
"1170";"2018-06-20";2
"1171";"2018-06-22";4
"1172";"2018-06-23";5
"1173";"2018-06-25";3
"1174";"2018-06-27";1
"1175";"2018-06-29";9
"1176";"2018-07-01";3
"1177";"2018-07-03";4
"1178";"2018-07-04";2
"1179";"2018-07-05";5
"1180";"2018-07-06";2
"1181";"2018-07-07";3
"1182";"2018-07-08";2
"1183";"2018-07-10";3
"1184";"2018-07-11";2
"1185";"2018-07-13";2
"1186";"2018-07-14";2
"1187";"2018-07-15";3
"1188";"2018-07-17";4
"1189";"2018-07-18";3
"1190";"2018-07-19";2
"1191";"2018-07-20";5
"1192";"2018-07-21";5
"1193";"2018-07-22";4
"1194";"2018-07-23";3
"1195";"2018-07-24";3
"1196";"2018-07-25";5
"1197";"2018-07-26";6
"1198";"2018-07-27";2
"1199";"2018-07-28";4
"1200";"2018-07-30";1
"1201";"2018-07-31";2
"1202";"2018-08-01";4
"1203";"2018-08-02";1
"1204";"2018-08-03";4
"1205";"2018-08-04";2
"1206";"2018-08-05";3
"1207";"2018-08-06";3
"1208";"2018-08-07";4
"1209";"2018-08-08";3
"1210";"2018-08-09";4
"1211";"2018-08-10";1
"1212";"2018-08-12";3
"1213";"2018-08-13";3
"1214";"2018-08-14";1
"1215";"2018-08-16";2
"1216";"2018-08-17";1
"1217";"2018-08-18";3
"1218";"2018-08-19";3
"1219";"2018-08-20";2
"1220";"2018-08-23";2
"1221";"2018-08-24";3
"1222";"2018-08-25";3
"1223";"2018-08-26";1
"1224";"2018-08-27";3
"1225";"2018-08-28";2
"1226";"2018-08-29";2
"1227";"2018-08-30";2
"1228";"2018-08-31";3
"1229";"2018-09-01";1
"1230";"2018-09-03";3
"1231";"2018-09-04";1
"1232";"2018-09-05";3
"1233";"2018-09-06";1
"1234";"2018-09-07";1
"1235";"2018-09-08";1
"1236";"2018-09-09";2
"1237";"2018-09-11";1
"1238";"2018-09-12";2
"1239";"2018-09-14";3
"1240";"2018-09-15";2
"1241";"2018-09-16";3
"1242";"2018-09-17";3
"1243";"2018-09-18";2
"1244";"2018-09-20";2
"1245";"2018-09-22";1
"1246";"2018-09-23";1
"1247";"2018-09-24";3
"1248";"2018-09-25";2
"1249";"2018-09-26";1
"1250";"2018-09-27";5
"1251";"2018-09-28";1
"1252";"2018-09-29";3
"1253";"2018-09-30";2
"1254";"2018-10-01";2
"1255";"2018-10-02";2
"1256";"2018-10-03";1
"1257";"2018-10-04";1
"1258";"2018-10-05";3
"1259";"2018-10-07";2
"1260";"2018-10-08";4
"1261";"2018-10-10";6
"1262";"2018-10-11";1
"1263";"2018-10-12";4
"1264";"2018-10-14";3
"1265";"2018-10-15";1
"1266";"2018-10-17";4
"1267";"2018-10-18";5
"1268";"2018-10-19";2
"1269";"2018-10-20";3
"1270";"2018-10-21";1
"1271";"2018-10-22";3
"1272";"2018-10-23";4
"1273";"2018-10-25";1
"1274";"2018-10-27";2
"1275";"2018-10-29";5
"1276";"2018-10-31";4
"1277";"2018-11-02";2
"1278";"2018-11-03";2
"1279";"2018-11-04";4
"1280";"2018-11-05";4
"1281";"2018-11-08";1
"1282";"2018-11-09";4
"1283";"2018-11-10";1
"1284";"2018-11-11";3
"1285";"2018-11-12";6
"1286";"2018-11-13";2
"1287";"2018-11-14";3
"1288";"2018-11-15";5
"1289";"2018-11-17";1
"1290";"2018-11-19";3
"1291";"2018-11-20";1
"1292";"2018-11-21";5
"1293";"2018-11-22";3
"1294";"2018-11-23";2
"1295";"2018-11-24";1
"1296";"2018-11-27";5
"1297";"2018-11-28";2
"1298";"2018-11-29";2
"1299";"2018-11-30";1
"1300";"2018-12-01";3
"1301";"2018-12-04";1
"1302";"2018-12-05";4
"1303";"2018-12-06";3
"1304";"2018-12-07";2
"1305";"2018-12-08";1
"1306";"2018-12-09";3
"1307";"2018-12-10";3
"1308";"2018-12-11";6
"1309";"2018-12-12";4
"1310";"2018-12-13";2
"1311";"2018-12-15";1
"1312";"2018-12-16";4
"1313";"2018-12-17";1
"1314";"2018-12-18";4
"1315";"2018-12-20";1
"1316";"2018-12-21";2
"1317";"2018-12-23";2
"1318";"2018-12-24";1
"1319";"2018-12-25";2
"1320";"2018-12-26";3
"1321";"2018-12-28";4
"1322";"2018-12-29";1
"1323";"2018-12-30";3
"1324";"2018-12-31";3
"1325";"2019-01-01";2
"1326";"2019-01-02";3
"1327";"2019-01-03";6
"1328";"2019-01-04";4
"1329";"2019-01-05";4
"1330";"2019-01-06";3
"1331";"2019-01-07";3
"1332";"2019-01-10";2
"1333";"2019-01-11";4
"1334";"2019-01-12";2
"1335";"2019-01-13";3
"1336";"2019-01-14";6
"1337";"2019-01-15";5
"1338";"2019-01-16";6
"1339";"2019-01-18";1
"1340";"2019-01-19";3
"1341";"2019-01-20";1
"1342";"2019-01-21";1
"1343";"2019-01-22";1
"1344";"2019-01-23";5
"1345";"2019-01-24";2
"1346";"2019-01-25";1
"1347";"2019-01-27";1
"1348";"2019-01-28";8
"1349";"2019-01-29";2
"1350";"2019-01-30";2
"1351";"2019-02-01";1
"1352";"2019-02-02";3
"1353";"2019-02-03";2
"1354";"2019-02-04";2
"1355";"2019-02-05";1
"1356";"2019-02-06";4
"1357";"2019-02-07";6
"1358";"2019-02-08";1
"1359";"2019-02-09";4
"1360";"2019-02-10";2
"1361";"2019-02-11";3
"1362";"2019-02-12";4
"1363";"2019-02-13";2
"1364";"2019-02-14";3
"1365";"2019-02-15";1
"1366";"2019-02-16";2
"1367";"2019-02-17";2
"1368";"2019-02-18";2
"1369";"2019-02-19";2
"1370";"2019-02-20";2
"1371";"2019-02-22";5
"1372";"2019-02-23";4
"1373";"2019-02-24";1
"1374";"2019-02-25";2
"1375";"2019-02-26";4
"1376";"2019-02-27";1
"1377";"2019-02-28";2
"1378";"2019-03-01";3
"1379";"2019-03-02";3
"1380";"2019-03-04";5
"1381";"2019-03-05";4
"1382";"2019-03-06";1
"1383";"2019-03-07";3
"1384";"2019-03-08";1
"1385";"2019-03-09";5
"1386";"2019-03-10";4
"1387";"2019-03-11";1
"1388";"2019-03-12";3
"1389";"2019-03-13";4
"1390";"2019-03-14";4
"1391";"2019-03-15";1
"1392";"2019-03-16";1
"1393";"2019-03-17";1
"1394";"2019-03-18";1
"1395";"2019-03-19";4
"1396";"2019-03-20";3
"1397";"2019-03-21";1
"1398";"2019-03-22";2
"1399";"2019-03-24";2
"1400";"2019-03-25";4
"1401";"2019-03-27";7
"1402";"2019-03-28";1
"1403";"2019-03-30";3
"1404";"2019-03-31";4
"1405";"2019-04-01";3
"1406";"2019-04-02";1
"1407";"2019-04-03";4
"1408";"2019-04-04";2
"1409";"2019-04-06";1
"1410";"2019-04-07";3
"1411";"2019-04-08";1
"1412";"2019-04-09";3
"1413";"2019-04-10";4
"1414";"2019-04-11";4
"1415";"2019-04-12";3
"1416";"2019-04-14";6
"1417";"2019-04-15";1
"1418";"2019-04-16";2
"1419";"2019-04-17";2
"1420";"2019-04-18";3
"1421";"2019-04-20";4
"1422";"2019-04-21";1
"1423";"2019-04-22";2
"1424";"2019-04-24";2
"1425";"2019-04-25";1
"1426";"2019-04-26";1
"1427";"2019-04-28";2
"1428";"2019-04-29";5
"1429";"2019-04-30";2
"1430";"2019-05-01";3
"1431";"2019-05-02";2
"1432";"2019-05-04";4
"1433";"2019-05-05";1
"1434";"2019-05-06";1
"1435";"2019-05-07";3
"1436";"2019-05-09";3
"1437";"2019-05-10";1
"1438";"2019-05-11";4
"1439";"2019-05-13";3
"1440";"2019-05-14";1
"1441";"2019-05-15";3
"1442";"2019-05-16";2
"1443";"2019-05-17";3
"1444";"2019-05-18";2
"1445";"2019-05-19";4
"1446";"2019-05-20";3
"1447";"2019-05-21";2
"1448";"2019-05-22";3
"1449";"2019-05-23";3
"1450";"2019-05-24";3
"1451";"2019-05-26";1
"1452";"2019-05-27";2
"1453";"2019-05-28";1
"1454";"2019-05-29";1
"1455";"2019-05-30";3
"1456";"2019-05-31";2
"1457";"2019-06-01";3
"1458";"2019-06-02";1
"1459";"2019-06-03";4
"1460";"2019-06-04";2
"1461";"2019-06-05";4
"1462";"2019-06-06";8
"1463";"2019-06-07";1
"1464";"2019-06-08";2
"1465";"2019-06-09";4
"1466";"2019-06-10";3
"1467";"2019-06-11";3
"1468";"2019-06-12";2
"1469";"2019-06-13";2
"1470";"2019-06-15";5
"1471";"2019-06-16";3
"1472";"2019-06-17";3
"1473";"2019-06-18";2
"1474";"2019-06-20";2
"1475";"2019-06-22";2
"1476";"2019-06-23";1
"1477";"2019-06-24";3
"1478";"2019-06-25";2
"1479";"2019-06-26";2
"1480";"2019-06-27";7
"1481";"2019-06-28";4
"1482";"2019-06-29";2
"1483";"2019-07-01";4
"1484";"2019-07-02";3
"1485";"2019-07-03";5
"1486";"2019-07-04";2
"1487";"2019-07-05";5
"1488";"2019-07-06";1
"1489";"2019-07-07";3
"1490";"2019-07-08";1
"1491";"2019-07-09";3
"1492";"2019-07-10";2
"1493";"2019-07-11";2
"1494";"2019-07-13";4
"1495";"2019-07-14";3
"1496";"2019-07-15";2
"1497";"2019-07-16";4
"1498";"2019-07-17";3
"1499";"2019-07-18";3
"1500";"2019-07-19";2
"1501";"2019-07-21";2
"1502";"2019-07-22";2
"1503";"2019-07-23";3
"1504";"2019-07-25";1
"1505";"2019-07-26";3
"1506";"2019-07-28";1
"1507";"2019-07-30";1
"1508";"2019-07-31";4
"1509";"2019-08-01";4
"1510";"2019-08-02";2
"1511";"2019-08-03";3
"1512";"2019-08-04";2
"1513";"2019-08-05";7
"1514";"2019-08-06";1
"1515";"2019-08-07";1
"1516";"2019-08-08";1
"1517";"2019-08-09";2
"1518";"2019-08-10";1
"1519";"2019-08-12";2
"1520";"2019-08-13";5
"1521";"2019-08-16";1
"1522";"2019-08-17";4
"1523";"2019-08-18";1
"1524";"2019-08-19";1
"1525";"2019-08-21";3
"1526";"2019-08-22";3
"1527";"2019-08-23";2
"1528";"2019-08-24";1
"1529";"2019-08-26";1
"1530";"2019-08-27";2
"1531";"2019-08-28";3
"1532";"2019-08-30";1
"1533";"2019-08-31";3
"1534";"2019-09-01";2
"1535";"2019-09-02";2
"1536";"2019-09-03";3
"1537";"2019-09-04";1
"1538";"2019-09-05";2
"1539";"2019-09-06";1
"1540";"2019-09-07";1
"1541";"2019-09-08";1
"1542";"2019-09-09";3
"1543";"2019-09-10";1
"1544";"2019-09-11";2
"1545";"2019-09-12";3
"1546";"2019-09-13";1
"1547";"2019-09-14";4
"1548";"2019-09-15";2
"1549";"2019-09-16";3
"1550";"2019-09-17";3
"1551";"2019-09-18";4
"1552";"2019-09-19";1
"1553";"2019-09-20";2
"1554";"2019-09-21";2
"1555";"2019-09-22";1
"1556";"2019-09-23";2
"1557";"2019-09-24";1
"1558";"2019-09-25";2
"1559";"2019-09-26";2
"1560";"2019-09-28";1
"1561";"2019-09-29";4
"1562";"2019-09-30";2
"1563";"2019-10-01";4
"1564";"2019-10-03";1
"1565";"2019-10-04";1
"1566";"2019-10-05";1
"1567";"2019-10-06";2
"1568";"2019-10-07";2
"1569";"2019-10-08";3
"1570";"2019-10-09";1
"1571";"2019-10-10";2
"1572";"2019-10-11";1
"1573";"2019-10-12";3
"1574";"2019-10-13";3
"1575";"2019-10-14";3
"1576";"2019-10-15";5
"1577";"2019-10-16";2
"1578";"2019-10-17";4
"1579";"2019-10-18";2
"1580";"2019-10-19";2
"1581";"2019-10-20";2
"1582";"2019-10-21";3
"1583";"2019-10-23";5
"1584";"2019-10-24";1
"1585";"2019-10-25";4
"1586";"2019-10-26";3
"1587";"2019-10-27";5
"1588";"2019-10-28";1
"1589";"2019-10-30";4
"1590";"2019-10-31";3
"1591";"2019-11-01";5
"1592";"2019-11-02";2
"1593";"2019-11-03";2
"1594";"2019-11-04";3
"1595";"2019-11-05";4
"1596";"2019-11-06";4
"1597";"2019-11-07";4
"1598";"2019-11-08";1
"1599";"2019-11-09";2
"1600";"2019-11-11";3
"1601";"2019-11-12";2
"1602";"2019-11-13";3
"1603";"2019-11-14";2
"1604";"2019-11-15";2
"1605";"2019-11-16";2
"1606";"2019-11-18";2
"1607";"2019-11-19";6
"1608";"2019-11-20";4
"1609";"2019-11-22";2
"1610";"2019-11-23";2
"1611";"2019-11-24";1
"1612";"2019-11-25";2
"1613";"2019-11-26";2
"1614";"2019-11-27";1
"1615";"2019-11-28";3
"1616";"2019-11-29";4
"1617";"2019-11-30";1
"1618";"2019-12-01";6
"1619";"2019-12-02";4
"1620";"2019-12-03";3
"1621";"2019-12-05";5
"1622";"2019-12-06";2
"1623";"2019-12-07";2
"1624";"2019-12-08";1
"1625";"2019-12-09";1
"1626";"2019-12-10";8
"1627";"2019-12-11";2
"1628";"2019-12-12";6
"1629";"2019-12-14";4
"1630";"2019-12-15";4
"1631";"2019-12-16";3
"1632";"2019-12-17";4
"1633";"2019-12-19";6
"1634";"2019-12-20";3
"1635";"2019-12-21";4
"1636";"2019-12-22";2
"1637";"2019-12-23";3
"1638";"2019-12-24";2
"1639";"2019-12-25";2
"1640";"2019-12-26";2
"1641";"2019-12-27";4
"1642";"2019-12-28";5
"1643";"2019-12-29";3
"1644";"2019-12-30";3
"1645";"2019-12-31";6
